Extension,Purpose
.txt,"Text file consisting of plain text (no formatting)"
.csv,"Text file containing tabular data where columns are separated by commas"
".bmp, .jpg, .png","Image file"
.pdf,"Nicely formatted documents which can include text and images"
.wav,"Uncompressed audio (originated on Microsoft Windows)"
.aiff,"Uncompressed audio (originated on Apple Macintosh)"
.flac,"Compressed (lossless) audio file"
.mp3,"Compressed (lossy) audio file"
.m4a,"A container for audio files allowing storage of ALAC (lossless compression) and AAC (lossy compression)"
.mp4,"Digital multimedia container format (video and audio)"
.mov,"QuickTime file format (originated on Apple Macintosh)"
.html,"Document designed to be displayed in a web browser"
.py,"Python script file"
.ipynb,"Interactive Python NoteBook file"
.zip,"An archive file format that supports lossless data compression"